fold,sub_fold,t,r,b,l
s15,15_0101disgustingteeth,112,468,379,200
s15,15_0102eatingworms,112,468,379,200
s15,15_0401girlcrashing,112,468,379,200
s15,15_0402beatingpregnantwoman,112,468,379,200
s15,15_0502funnyerrors,112,468,379,200
s15,15_0503unnyfarting,112,468,379,200
s15,15_0505funnyinnovations,112,468,379,200
s15,15_0508funnydunkey,112,468,379,200
s16,16_0101disgustingteeth,167,390,390,167
s16,16_0102eatingworms,167,390,390,167
s16,16_0401girlcrashing,167,390,390,167
s16,16_0402beatingpregnantwoman,167,390,390,167
s16,16_0502funnyerrors,167,390,390,167
s16,16_0505funnyinnovations,167,390,390,167
s16,16_0507climbingthewall,167,390,390,167
s19,19_0102eatingworms,112,409,379,141
s19,19_0402beatingpregnantwoman,118,365,341,142
s19,19_0505funnyinnovations,82,409,350,141
s19,19_0507climbingthewall,82,409,350,141
s19,23_0502funnyerrors,171,379,439,111
s20,20_0502funnyerrors,68,390,291,167
s21,21_0101disgustingteeth,93,439,316,216
s21,21_0401girlcrashing,93,439,316,216
s22,22_0101disgustingteeth,142,390,365,167
s22,22_0102eatingworms,142,390,365,167
s22,22_0402beatingpregnantwoman,142,390,365,167
s22,22_0503unnyfarting,167,390,390,167
s22,22_0508funnydunkey,167,390,390,167
s23,23_0102eatingworms,171,379,439,111
s23,23_0402beatingpregnantwoman,142,379,409,111
s23,23_0503unnyfarting,171,379,439,111
s23,23_0507climbingthewall,171,379,439,111
s24,24_0101disgustingteeth,82,438,350,171
s24,24_0401girlcrashing,82,438,350,171
s24,24_0402beatingpregnantwoman,82,438,350,171
s24,24_0502funnyerrors,82,438,350,171
s24,24_0507climbingthewall,82,468,350,200
s25,25_0101disgustingteeth,118,439,341,216
s25,25_0102eatingworms,82,468,350,200
s25,25_0502funnyerrors,118,439,341,216
s25,25_0508funnydunkey,118,439,341,216
s26,26_0101disgustingteeth,112,468,379,200
s26,26_0102eatingworms,112,468,379,200
s26,26_0401girlcrashing,112,468,379,200
s26,26_0503unnyfarting,112,468,379,200
s27,27_0101disgustingteeth,82,438,350,171
s27,27_0102eatingworms,82,438,350,171
s27,27_0401girlcrashing,82,438,350,171
s27,27_0402beatingpregnantwoman,93,439,316,216
s27,27_0502funnyerrors,82,438,350,171
s27,27_0503unnyfarting,82,438,350,171
s27,27_0505funnyinnovations,82,438,350,171
s27,27_0507climbingthewall,82,438,350,171
s27,27_0508funnydunkey,52,438,320,171
s29,29_0502funnyerrors,118,464,341,241
s30,30_0101disgustingteeth,142,464,365,241
s30,30_0102eatingworms,142,439,365,216
s30,30_0401girlcrashing,142,439,365,216
s30,30_0502funnyerrors,142,464,365,241
s30,30_0503unnyfarting,142,464,365,241
s30,30_0505funnyinnovations,142,439,365,216
s30,30_0507climbingthewall,142,439,365,216
s31,31_0101disgustingteeth,171,468,439,200
s31,31_0401girlcrashing,142,468,409,200
s31,31_0402beatingpregnantwoman,142,468,409,200
s31,31_0502funnyerrors,142,498,409,230
s31,31_0503unnyfarting,142,468,409,200
s31,31_0505funnyinnovations,171,468,439,200
s31,31_0507climbingthewall,171,468,439,200
s32,32_0101disgustingteeth,142,498,409,230
s32,32_0102eatingworms,142,498,409,230
s32,32_0401girlcrashing,142,498,409,230
s32,32_0402beatingpregnantwoman,142,498,409,230
s32,32_0502funnyerrors,142,468,409,200
s32,32_0503unnyfarting,142,464,365,241
s32,32_0505funnyinnovations,142,498,409,230
s32,32_0507climbingthewall,142,498,409,230
s32,32_0508funnydunkey,142,498,409,230
s33,33_0102eatingworms,142,464,365,241
s33,33_0402beatingpregnantwoman,118,464,341,241
s34,34_0401girlcrashing,112,498,379,230
s34,34_0402beatingpregnantwoman,167,464,390,241
s34,34_0503unnyfarting,167,464,390,241
s35,35_0102eatingworms,142,438,409,171
s36,36_0401girlcrashing,112,468,379,200
s36,36_0505funnyinnovations,118,439,341,216
s37,37_0101disgustingteeth,171,498,439,230
s37,37_0402beatingpregnantwoman,171,498,439,230
s37,37_0502funnyerrors,171,498,439,230
s37,37_0505funnyinnovations,171,498,439,230
s37,37_0507climbingthewall,142,498,409,230
s37,37_0508funnydunkey,171,498,439,230
s38,38_0502funnyerrors,112,498,379,230
s38,38_0507climbingthewall,118,489,341,266
s40,40_0401girlcrashing,142,527,409,260
s40,40_0502funnyerrors,142,527,409,260
s40,40_0503unnyfarting,167,513,390,291
